Janela,Delta,Theta,Alpha,Beta,Gamma
30.0,0.0,89.27466127911983,86.83024918310356,100.0,4.35562275246083
31.0,0.0,100.0,70.48681432482796,27.53585781233015,0.02484504156233469
32.0,0.0,100.0,82.96637484853896,40.30568476305071,0.06408604103620441
